,names
1,Agaricus altipes
2,Abortiporus biennis
3,Adelphella babingtonii
4,Agaricus amanitaeformis
5,Agaricus arvensis
6,Agaricus augustus
7,Agaricus benesii
8,Agaricus bernardii
9,Agaricus bisporus
10,Agaricus bitorquis
11,Agaricus blazei
12,Agaricus bohusii
13,Agaricus brunnescens
14,Agaricus californicus
15,Agaricus campestris
16,Agaricus comtulus
17,Agaricus cupreobrunneus
18,Agaricus depauperatus
19,Agaricus essettei
20,Agaricus excellens
21,Agaricus fissuratus
22,Agaricus gennadii
23,Agaricus heinemannianus
24,Agaricus hondensis
25,Agaricus impudicus
26,Agaricus iodosmus
27,Agaricus koelerionensis
28,Agaricus langei
29,Agaricus leucotrichus
30,Agaricus litoralis
31,Agaricus lutosus
32,Agaricus macrocarpus
33,Agaricus macrosporus
34,Agaricus maleolens
35,Agaricus maskae
36,Agaricus menieri
37,Agaricus moelleri
38,Agaricus nivescens
39,Agaricus pampeanus
40,Agaricus pequinii
41,Agaricus phaeolepidotus
42,Agaricus pilatianus
43,Agaricus placomyces
44,Agaricus porphyrizon
45,Agaricus praeclaresquamosus
46,Agaricus purpurellus
47,Agaricus romagnesii
48,Agaricus semotus
49,Agaricus silvaticus
50,Agaricus silvicola
51,Agaricus spissicaulis
52,Agaricus stramineus
53,Agaricus subfloccosus
54,Agaricus subperonatus
55,Agaricus urinascens
56,Agaricus vaporarius
57,Agaricus xanthoderma
58,Agaricus xanthodermus
59,Agrocybe aegerita
60,Agrocybe arenicola
61,Agrocybe dura
62,Agrocybe elatella
63,Agrocybe pediades
64,Agrocybe praecox
65,Agrocybe semiorbicularis
66,Agrocybe vervacti
67,Albatrellus confluens
68,Albatrellus cristatus
69,Albatrellus ovinus
70,Albatrellus pes-caprae
71,Albatrellus subrubescens
72,Alboleptonia sericella
73,Aleuria aurantia
74,Amanita abrupta
75,Amanita albocreata
76,Amanita altipes
77,Amanita aprica
78,Amanita asteropus
79,Amanita badia
80,Amanita battarrae
81,Amanita beillei
82,Amanita boudieri
83,Amanita breckonii
84,Amanita brunnescens
85,Amanita caesarea
86,Amanita ceciliae
87,Amanita citrina
88,Amanita citrina var alba
89,Amanita citrina var citrina
90,Amanita codinae
91,Amanita cokeri
92,Amanita cothurnata
93,Amanita crocea
94,Amanita curtipes
95,Amanita echinocephala
96,Amanita eliae
97,Amanita excelsa
98,Amanita farinosa
99,Amanita flavoconia
100,Amanita flavorubescens
101,Amanita franchetii
102,Amanita frostiana
103,Amanita fulva
104,Amanita gemmata
105,Amanita gilbertii
106,Amanita gioiosa
107,Amanita gracilior
108,Amanita hemibapha
109,Amanita heterochroma
110,Amanita hongoi
111,Amanita ibotengutake
112,Amanita jacksonii
113,Amanita junquillea
114,Amanita magnivolvata
115,Amanita mairei
116,Amanita malleata
117,Amanita muscaria
118,Amanita nehuta
119,Amanita neoovoidea
120,Amanita novinupta
121,Amanita ovoidea
122,Amanita pantherina
123,Amanita parcivolvata
124,Amanita parvipantherina
125,Amanita petalinivolva
126,Amanita phalliodes
127,Amanita phalloides
128,Amanita ponderosa
129,Amanita porphyria
130,Amanita porrinensis
131,Amanita proxima
132,Amanita pseudoporphyria
133,Amanita pseudoregalis
134,Amanita pseudorubescens
135,Amanita regalis
136,Amanita roseotincta
137,Amanita rubescens
138,Amanita rubrovolvata
139,Amanita smithiana
140,Amanita spissa
141,Amanita strobiliformis
142,Amanita subfrostiana
143,Amanita submembranacea
144,Amanita torrendii
145,Amanita umbrinolutea
146,Amanita vaginata
147,Amanita valens
148,Amanita velatipes
149,Amanita verna
150,Amanita verna 
151,Amanita virosa
152,Amanita viscidolutea
153,Amanita vittadinii
154,Amanita wellsii
155,Amanita xanthocephala
156,Ampulloclitocybe clavipes
157,Amylostereum laevigatum
158,Anthracobia macrocystis
159,Anthracobia maurilabra
160,Anthracobia melaloma
161,Antrodia albida
162,Arachnion lazoi
163,Arachnion lloydianum
164,Arachnopeziza aurelia
165,Arcyria cinerea
166,Arcyria denudata
167,Arcyria obvelata
168,Armillaria bulbosa
169,Armillaria mellea
170,Armillaria ostoyae
171,Armillaria tabescens
172,Arrhenia lobata
173,Arrhenia onisca
174,Arrhenia rickenii
175,Arrhenia spathulata
176,Artomyces pyxidatus
177,Ascocoryne cylichnium
178,Ascocoryne sarcoides
179,Ascotremella faginea
180,Asterophora lycoperdoides
181,Asterophora parasitica
182,Astraeus hygrometricus
183,Aureoboletus gentilis
184,Auricularia auricula-judae
185,Auricularia mesenterica
186,Auricularia polytricha
187,Auriculariopsis ampla
188,Auriscalpium vulgare
189,Baeospora myosura
190,Balsamia vulgaris
191,Basidioradulum radula
192,Battarrea phalloides
193,Biscogniauxia nummularia
194,Bisporella citrina
195,Bisporella pallescens
196,Bjerkandera adusta
197,Bjerkandera fumosa
198,Bolbitius elegans
199,Bolbitius titubans
200,Bolbitius vitellinus
201,Boletinus cavipes
202,Boletopsis grisea
203,Boletopsis leucomelaena
204,Boletus aemilii
205,Boletus aereus
206,Boletus aestivalis
207,Boletus albidus
208,Boletus appendiculatus
209,Boletus badius
210,Boletus calopus
211,Boletus caucasicus
212,Boletus depilatus
213,Boletus dupainii
214,Boletus edulis
215,Boletus erythropus
216,Boletus fechtneri
217,Boletus ferrugineus
218,Boletus fragans
219,Boletus impolitus
220,Boletus junquilleus
221,Boletus legaliae
222,Boletus lupinus
223,Boletus luridus
224,Boletus luteocupreus
225,Boletus permagnificus
226,Boletus pinicola
227,Boletus pinophilus
228,Boletus pruinatus
229,Boletus pseudoregius
230,Boletus pulchrotinctus
231,Boletus purpureus
232,Boletus queletii
233,Boletus regius
234,Boletus reticulatus
235,Boletus rhodopurpureus
236,Boletus rhodoxanthus
237,Boletus roseoalbidus
238,Boletus rubrosanguineus
239,Boletus satanas
240,Boletus speciosus
241,Boletus subtomentosus
242,Boletus torosus
243,Boletus venturii
244,Bovista nigrescens
245,Bovista plumbea
246,Bulgaria inquinans
247,Butyriboletus appendiculatus
248,Butyriboletus pseudoregius
249,Butyriboletus regius
250,Byssomerulius corium
251,Byssonectria fusispora
252,Byssonectria terrestris
253,Calbovista subsculpta
254,Callistosporium luteo-olivaceum
255,Caloboletus calopus
256,Caloboletus radicans
257,Calocera cornea
258,Calocera furcata
259,Calocera viscosa
260,Calocybe alpestris
261,Calocybe carnea
262,Calocybe gambosa
263,Calocybe ionides
264,Calocybe persicolor
265,Caloscypha fulgens
266,Calvatia cyathiformis
267,Calvatia excipuliformis
268,Calvatia gigantea
269,Calvatia utriformis
270,Camarophyllus colemannianus
271,Camarophyllus lacmus
272,Camarophyllus niveus
273,Camarophyllus pratensis
274,Camarophyllus russocoriaceus
275,Camarophyllus virgineus
276,Cantharellus
277,Cantharellus carbonarius
278,Cantharellus cibarius
279,Cantharellus cinereus
280,Cantharellus ferruginascens
281,Cantharellus friesii
282,Cantharellus ianthinoxanthus
283,Cantharellus lutescens
284,Cantharellus melanoxeros
285,Cantharellus melanoxeros 
286,Cantharellus subpruinosus
287,Cantharellus tubaeformis
288,Cantherellus tubaeformis
289,Ceratiomyxa fruticulosa
290,Ceratiomyxa porioides
291,Cerioporus corylinus
292,Cerioporus rhizophilus
293,Cerioporus squamosus
294,Cerocorticium confluens
295,Cerocorticium molare
296,Cerrena unicolor
297,Chalciporus amarellus
298,Chalciporus hypochryseus
299,Chalciporus piperatus
300,Chalciporus rubinus
301,Chamaemyces fracidus
302,Cheilymenia crucipila
303,Cheilymenia fimicola
304,Cheilymenia granulata
305,Cheilymenia stercorea
306,Chlorociboria aeruginascens
307,Chlorophyllum brunneum
308,Chlorophyllum molybdites
309,Chlorophyllum olivieri
310,Chlorophyllum rachodes
311,Chlorophyllum rhacodes
312,Chlorosplenium aeruginascens
313,Chlorosplenium aeruginosum
314,Choiromyces magnusii
315,Choiromyces meandriformis
316,Choiromyces venosus
317,Chondrogaster angustisporus
318,Chondrogaster pachysporus
319,Chondrostereum purpureum
320,Chromosera viola
321,Chroogomphus
322,Chroogomphus fulmineus
323,Chroogomphus helveticus
324,Chroogomphus rutilus
325,Ciboria amentacea
326,Ciboria batschiana
327,Ciboria caucus
328,Ciboria coryli
329,Clathrus archeri
330,Clathrus ruber
331,Clathrus ruber  
332,Clavaria acuta
333,Clavaria argillacea
334,Clavaria fragilis
335,Clavaria fumosa
336,Clavaria vermicularis 
337,Clavaria zollingeri
338,Clavariaceae
339,Clavariadelphus ligula
340,Clavariadelphus pistillaris
341,Clavariadelphus truncatus
342,Claviceps purpurea
343,Clavulina amethystina
344,Clavulina cinerea
345,Clavulina cristata
346,Clavulina rugosa
347,Clavulinaceae
348,Clavulinopsis corniculata
349,Clavulinopsis fusiformis
350,Clavulinopsis helvola
351,Clavulinopsis luteoalba
352,Climacocystis borealis
353,Clitocella popinalis
354,Clitocybe acromelalga
355,Clitocybe albofragans
356,Clitocybe alexandri
357,Clitocybe alnetorum
358,Clitocybe amoenolens
359,Clitocybe barbularum
360,Clitocybe candicans
361,Clitocybe candida
362,Clitocybe catinus
363,Clitocybe cerussata
364,Clitocybe clavipes
365,Clitocybe costata
366,Clitocybe dealbata
367,Clitocybe decembris
368,Clitocybe diatreta
369,Clitocybe ditopa
370,Clitocybe ericetorum
371,Clitocybe festiva
372,Clitocybe fimiphila
373,Clitocybe fontqueri
374,Clitocybe fragans
375,Clitocybe fragrans
376,Clitocybe geotropa
377,Clitocybe gibba
378,Clitocybe gracilipes
379,Clitocybe graminicola
380,Clitocybe inornata
381,Clitocybe maxima
382,Clitocybe metachroa
383,Clitocybe multiceps
384,Clitocybe nebularis
385,Clitocybe nuda
386,Clitocybe odora
387,Clitocybe phaeophthalma
388,Clitocybe phyllophila
389,Clitocybe plana
390,Clitocybe rivulosa
391,Clitocybe sinopica
392,Clitocybe squamulosa
393,Clitocybe subsinopica
394,Clitocybe umbilicata
395,Clitocybe vermicularis
396,Clitocybe vibecina
397,Clitopilus geminus
398,Clitopilus prunulus
399,Collybia asema
400,Collybia butyracea
401,Collybia cirrhata
402,Collybia confluens
403,Collybia cookei
404,Collybia distorta
405,Collybia dryophila
406,Collybia erythropus
407,Collybia filamentosa
408,Collybia fodiens
409,Collybia fuscopurpurea
410,Collybia fusipes
411,Collybia kuehneriana
412,Collybia maculata
413,Collybia ocior
414,Collybia peronata
415,Collybia platyphylla
416,Collybia tuberosa
417,Coltricia perennis
418,Colus hirudinosus
419,Comatricha nigra
420,Conocybe
421,Conocybe apala
422,Conocybe arrhenii
423,Conocybe brunnea
424,Conocybe filaris
425,Conocybe mairei
426,Conocybe ovalis
427,Conocybe pilosella
428,Conocybe pseudopilosella
429,Conocybe subovalis
430,Conocybe tenera
431,Conocybe teneroides
432,Conocybe vestita
433,Coprinellus curtus
434,Coprinellus micaceus
435,Coprinellus xanthothrix
436,Coprinopsis alopecia
437,Coprinopsis atramentaria
438,Coprinopsis cinerea
439,Coprinopsis ephemeroides
440,Coprinopsis erythrocephala
441,Coprinopsis lagopides
442,Coprinopsis lotinae
443,Coprinopsis macrocephala
444,Coprinopsis pseudoradiata
445,Coprinopsis radiata
446,Coprinopsis romagnesiana
447,Coprinus
448,Coprinus alopecia
449,Coprinus atramentarius
450,Coprinus atramentarius 
451,Coprinus auricomus
452,Coprinus comatus
453,Coprinus disseminatus
454,Coprinus domesticus
455,Coprinus echinosporus
456,Coprinus ellisii
457,Coprinus ephemeroides
458,Coprinus impatiens
459,Coprinus kuehneri
460,Coprinus lagopus
461,Coprinus micaceus
462,Coprinus niveus
463,Coprinus picaceus
464,Coprinus plicatilis
465,Coprinus radians
466,Coprinus romagnesianus
467,Coprinus silvaticus
468,Coprinus truncorum
469,Cordyceps canadensis
470,Cordyceps capitata
471,Cordyceps longisegmentis
472,Cordyceps militaris
473,Cordyceps ophioglossoides
474,Coriolopsis gallica
475,Coriolus fibula
476,Corticium roseum
477,Cortinarius
478,Cortinarius alboviolaceus
479,Cortinarius aleuriosmus
480,Cortinarius allutus
481,Cortinarius anomalus
482,Cortinarius anserinus
483,Cortinarius arcanus
484,Cortinarius armillatus
485,Cortinarius assiduus
486,Cortinarius atrovirens
487,Cortinarius azureus
488,Cortinarius balteatocumatilis
489,Cortinarius balteatus
490,Cortinarius bicolor
491,Cortinarius bolaris
492,Cortinarius brunneus
493,Cortinarius caerulescens
494,Cortinarius caligatus
495,Cortinarius callisteus
496,Cortinarius calochrous
497,Cortinarius camphoratus
498,Cortinarius caperatus
499,Cortinarius castaneus
500,Cortinarius causticus
501,Cortinarius cephalixus
502,Cortinarius cinnabarinus
503,Cortinarius cinnamomeus
504,Cortinarius claricolor
505,Cortinarius collinitus
506,Cortinarius conicus
507,Cortinarius cotoneus
508,Cortinarius croceocaeruleus
509,Cortinarius cruentus
510,Cortinarius cumatilis
511,Cortinarius cupreorufus
512,Cortinarius cyanites
513,Cortinarius dibaphus
514,Cortinarius duracinus
515,Cortinarius eburneus
516,Cortinarius elatior
517,Cortinarius elegantissimus
518,Cortinarius gentilis
519,Cortinarius glandicolor
520,Cortinarius glaucopus
521,Cortinarius gracilior
522,Cortinarius herculeus
523,Cortinarius hinnuleus
524,Cortinarius humicola
525,Cortinarius impolitus
526,Cortinarius inexspectatus
527,Cortinarius infractus
528,Cortinarius ionochlorus
529,Cortinarius limonius
530,Cortinarius lividoviolaceus
531,Cortinarius mairei
532,Cortinarius malicorius
533,Cortinarius mirandus
534,Cortinarius mucifloides
535,Cortinarius mucosus
536,Cortinarius multiformis
537,Cortinarius nemorosus
538,Cortinarius obtusus
539,Cortinarius ochroleucus
540,Cortinarius ochropallidus
541,Cortinarius odoratus
542,Cortinarius odorifer
543,Cortinarius olidus
544,Cortinarius orellanoides
545,Cortinarius orellanus
546,Cortinarius palustris
547,Cortinarius percomis
548,Cortinarius phoeniceus
549,Cortinarius polymorphus
550,Cortinarius praestans
551,Cortinarius privignoides
552,Cortinarius privignus
553,Cortinarius purpurascens
554,Cortinarius rapaceus
555,Cortinarius rickenianus
556,Cortinarius rubicundulus
557,Cortinarius rufoolivaceus
558,Cortinarius salor
559,Cortinarius saturninus
560,Cortinarius scobinaceus
561,Cortinarius smithii
562,Cortinarius sodagnitus
563,Cortinarius splendens
564,Cortinarius suaveolens
565,Cortinarius talus
566,Cortinarius torvus
567,Cortinarius triformis
568,Cortinarius triumphans
569,Cortinarius trivialis
570,Cortinarius tubarius
571,Cortinarius turgidus
572,Cortinarius turmalis
573,Cortinarius variecolor
574,Cortinarius variicolor
575,Cortinarius variiformis
576,Cortinarius venetus
577,Cortinarius veregregius
578,Cortinarius vernus
579,Cortinarius vibratilis
580,Cortinarius violaceus
581,Cortinarius volvatus
582,Cortinarius vulpinus
583,Cortinarius xanthophyllus
584,Coryne dubia
585,Craterellus cornucopioides
586,Craterellus lutescens
587,Craterellus sinuosus
588,Craterellus tubaeformis
589,Creolophus cirrhatus
590,Crepidotus applanatus
591,Crepidotus autochthonus
592,Crepidotus caspari
593,Crepidotus cesatii
594,Crepidotus crocophyllus
595,Crepidotus fragilis
596,Crepidotus herbarum
597,Crepidotus luteolus
598,Crepidotus mollis
599,Crepidotus variabilis
600,Crepidotus versutus
601,Crinipellis corticalis
602,Crinipellis scabella
603,Crinipellis zonata
604,Crucibulum laeve
605,Cudonia circinans
606,Cudonia confusa
607,Cuphophyllus flavipes
608,Cuphophyllus pratensis
609,Cuphophyllus virgineus
610,Cyathus olla
611,Cyathus stercoreus
612,Cyathus striatus
613,Cyclocybe aegerita
614,Cyclocybe cylindracea
615,Cystoderma ambrosii
616,Cystoderma amianthinum
617,Cystoderma carcharias
618,Cystoderma fallax
619,Cystoderma granulosum
620,Cystoderma haematites
621,Cystoderma jasonis
622,Cystoderma terrei
623,Cystodermella ambrosii
624,Cystodermella cinnabarina
625,Cystodermella granulosa
626,Cystolepiota fumosifolia
627,Cystolepiota hetieri
628,Cystolepiota seminuda
629,Cyttaria espinosae
630,Dacrymyces chrysospermus
631,Dacrymyces stillatus
632,Dactylosporina kuehneri
633,Daedalea quercina
634,Daedaleopsis confragosa
635,Daldinia concentrica
636,Daldinia vernicosa
637,Dasyscyphella nivea
638,Datronia mollis
639,Delastria rosea
640,Delicatula cuspidata
641,Delicatula integrella
642,Dendropolyporus umbellatus
643,Dermocybe bataillei
644,Dermocybe cinnabarina
645,Dermocybe cinnamomea
646,Dermocybe cinnamomeolutea
647,Dermocybe crocea
648,Dermocybe phoenicea
649,Dermocybe sanguinea
650,Dermocybe semisanguinea
651,Dermocybe uliginosa
652,Dermoloma cuneifolium
653,Descolea maculata
654,Descolea tenuipes
655,Descomyces albus
656,Diatrype disciformis
657,Diatrype stigma
658,Diatrypella quercina
659,Diatrypella verrucaeformis
660,Dichomitus campestris
661,Dictyocephalos attenuatus
662,Discina ancilis
663,Discina melaleuca
664,Discina perlata
665,Discinella terrestris
666,Disciotis venosa
667,Echinoderma asperum
668,Echinoderma calcicola
669,Echinoderma hystrix
670,Elaphomyces asperulus
671,Elaphomyces atropurpureus
672,Elaphomyces citrinus
673,Elaphomyces decipiens
674,Elaphomyces foetidus
675,Elaphomyces granulatus
676,Elaphomyces muricatus
677,Elaphomyces papillatus
678,Elaphomyces persoonii
679,Endogone flammicorona
680,Endogone lactiflua
681,Endoptychum agaricoides
682,Enteridium lycoperdon
683,Entoloma albidum
684,Entoloma aprile
685,Entoloma cephalotrichum
686,Entoloma cetratum
687,Entoloma chalybaeum
688,Entoloma clypeatum
689,Entoloma conferendum
690,Entoloma corvinum
691,Entoloma euchroum
693,Entoloma hebes
694,Entoloma hirtipes
695,Entoloma incanum
696,Entoloma lividum
697,Entoloma nidorosum
698,Entoloma niphoides
699,Entoloma opacum
700,Entoloma pallescens
701,Entoloma papillatum
702,Entoloma porphyrophaeum
703,Entoloma prunuloides
704,Entoloma rhodopolium
705,Entoloma sarcopum
706,Entoloma sepium
707,Entoloma sericellum
708,Entoloma sericeum
709,Entoloma serrulatum
710,Entoloma sinuatum
711,Entoloma tjallingiorum
712,Entoloma vernum
713,Exidia glandulosa
714,Exidia pithya
715,Exidia plana
716,Exidia recisa
717,Exidia saccharina
718,Exidia thuretiana
719,Exidia truncata
720,Fistulina hepatica
721,Flammulaster carpophilus
722,Flammulaster ferrugineus
723,Flammulaster limulatus
724,Flammulina velutipes
725,Fomes fomentarius
726,Fomitopsis betulina
727,Fomitopsis officinalis
728,Fomitopsis pinicola
729,Fuligo cinerea
730,Fuligo septica
731,Fuscoporia contigua
732,Galerina  atkinsoniana
733,Galerina clavata
734,Galerina marginata
735,Galerina paludosa
736,Galerina perplexa
737,Galerina sp
738,Galerina sphagnum
739,Galerina terrestris
740,Ganoderma applanatum
741,Ganoderma australe
742,Ganoderma carnosum
743,Ganoderma lipsiense
744,Ganoderma lucidum
745,Ganoderma pfeifferi
746,Ganoderma resinaceum
747,Gautieria graveolens
748,Geastrum campestre
749,Geastrum coronatum
750,Geastrum floriforme
751,Geastrum fornicatum
752,Geastrum melanocephalum 
753,Geastrum minimum
754,Geastrum nanum
755,Geastrum pectinatum
756,Geastrum pseudostriatum
757,Geastrum quadrifidum
758,Geastrum rufescens
759,Geastrum saccatum
760,Geastrum sessile
761,Geastrum striatum
762,Geastrum triplex
763,Genea clausa
764,Genea fragans
765,Genea papillosa
766,Genea verrucosa
767,Geoglossum barlae
768,Geoglossum fallax
769,Geoglossum glabrum
770,Geoglossum glutinosum
771,Geopora arenicola
772,Geopora arenosa
773,Geopora sumneriana
774,Geopyxis carbonaria
775,Geopyxis majalis
776,Gliophorus irrigatas
777,Gliophorus psittacinus
778,Gliophorus reginae
779,Gloeophyllum sepiarium
780,Gloeoporus dichrous
781,Glomus macrocarpum
782,Glutinoglossum glutinosum
783,Gomphidius glutinosus
784,Gomphidius gracilis
785,Gomphidius maculatus
786,Gomphidius roseus
787,Gomphus clavatus
788,Grandinia quercina
789,Greletia planchonis
790,Grifola frondosa
791,Guepinia helvelloides
792,Guepiniopsis buccina
793,Gymnomyces sublevisporus
794,Gymnopilus arenophilus
795,Gymnopilus hybridus
796,Gymnopilus junonius
797,Gymnopilus penetrans
798,Gymnopilus sapineus
799,Gymnopilus sp
800,Gymnopilus spectabilis
801,Gymnopilus suberis
802,Gymnopus androsaceus
803,Gymnopus aquosus
804,Gymnopus brassicolens
805,Gymnopus confluens
806,Gymnopus dryophilus
807,Gymnopus fusipes
808,Gymnopus peronatus
809,Gymnopus vernus
810,Gymnosporangium clavariaeforme
811,Gymnosporangium juniperi-virginianae
812,Gymnosporangium sabinae
813,Gyrodon lividus
814,Gyromitra
815,Gyromitra esculenta
816,Gyromitra gigas
817,Gyromitra infula
818,Gyromitra perlata
819,Gyromitra sp
820,Gyrophragmium dunaii
821,Gyroporus castaneus
822,Gyroporus castaneus  
823,Gyroporus cyanescens
824,Hapalopilus nidulans
825,Hapalopilus rutilans
826,Hebeloma anthracophilum
827,Hebeloma birrus
828,Hebeloma cistophilum
829,Hebeloma crustuliniforme
830,Hebeloma cylindrosporum
831,Hebeloma edurum
832,Hebeloma favrei
833,Hebeloma hiemale
834,Hebeloma leucosarx
835,Hebeloma longicaudum
836,Hebeloma mesophaeum
837,Hebeloma radicosum
838,Hebeloma sacchariolens
839,Hebeloma sarcophyllum
840,Hebeloma sinapizans
841,Helvella acetabulum
842,Helvella atra
843,Helvella capuliformis
844,Helvella costifera
845,Helvella crispa
846,Helvella dissingii
847,Helvella dryophila
848,Helvella elastica
849,Helvella ephippium
850,Helvella fusca
851,Helvella helvellula
852,Helvella juniperi
853,Helvella lactea
854,Helvella lacunosa
855,Helvella leucomelaena
856,Helvella leucopus
857,Helvella macropus
858,Helvella pezizoides
859,Helvella pithyophila
860,Helvella queletii
861,Helvella sp
862,Helvella stevensii
863,Helvella sulcata
864,Helvella vespertina
865,Helvella villosa
866,Hemimycena cucullata
867,Hemimycena lactea
868,Hemimycena pseudolactea
869,Hemitrichia serpula
870,Hericium cirrhatum
871,Hericium coralloides
872,Hericium erinaceus
873,Heterobasidion annosum
874,Higrocybe pratensis
875,Hohenbuehelia auriscalpium
876,Hohenbuehelia geogenia
877,Hohenbuehelia petaloides
878,Hortiboletus bubalinus
879,Hortiboletus rubellus
880,Humaria aurantia
881,Humaria hemisphaerica
882,Humidicutis calyptriformis
883,Hydnangium carneum
884,Hydnellum aurantiacum
885,Hydnellum caeruleum
886,Hydnellum compactum
887,Hydnellum ferrugineum
888,Hydnellum peckii
889,Hydnellum scrobiculatum
890,Hydnellum spongiosipes
891,Hydnellum suaveolens
892,Hydnocystis bombycina
893,Hydnotrya carnea
894,Hydnotrya tulasnei
895,Hydnum albidum
896,Hydnum amicum
897,Hydnum repandum
898,Hydnum rufescens
899,Hygrocybe acuta
900,Hygrocybe aurantiosplendens
901,Hygrocybe calyptraeformis
902,Hygrocybe cantharellus
903,Hygrocybe chlorophana
904,Hygrocybe citrina
905,Hygrocybe coccinea
906,Hygrocybe conica
907,Hygrocybe conicoides
908,Hygrocybe flavescens
909,Hygrocybe ingrata
910,Hygrocybe intermedia
911,Hygrocybe laeta
912,Hygrocybe marchii
913,Hygrocybe miniata
914,Hygrocybe murinacea
915,Hygrocybe obrussea
916,Hygrocybe ovina
917,Hygrocybe persistens
918,Hygrocybe psittacina
919,Hygrocybe punicea
920,Hygrocybe reidii
921,Hygrocybe russocoriacea
922,Hygrocybe sciophana
923,Hygrocybe strangulata
924,Hygrocybe tristis
925,Hygrocybe turunda
926,Hygrocybe unguinosa
927,Hygrocybe virginea
928,Hygrophoropsis aurantiaca
929,Hygrophorus agathosmus
930,Hygrophorus arbustivus
931,Hygrophorus atramentosus
932,Hygrophorus aureus
933,Hygrophorus camarophyllus
934,Hygrophorus chrysodon
935,Hygrophorus cossus
936,Hygrophorus discoideus
937,Hygrophorus discoxanthus
938,Hygrophorus eburneus
939,Hygrophorus erubescens
940,Hygrophorus gliocyclus
941,Hygrophorus hedrychii
942,Hygrophorus hyacinthinus
943,Hygrophorus hypothejus
944,Hygrophorus latitabundus
945,Hygrophorus lindtneri
946,Hygrophorus lucorum
947,Hygrophorus marzuolus
948,Hygrophorus marzuolus var. alba
949,Hygrophorus melizeus
950,Hygrophorus nemoreus
951,Hygrophorus olivaceoalbus
952,Hygrophorus penarius
953,Hygrophorus persoonii
954,Hygrophorus poetarum
955,Hygrophorus pseudodiscoideus
956,Hygrophorus pudorinus
957,Hygrophorus roseodiscoideus
958,Hygrophorus russula
959,Hygrophorus speciosus
960,Hygrophorus tephroleucus
961,Hymenochaete cinnamomea
962,Hymenochaete rubiginosa
963,Hymenochaete tabacina
964,Hymenogaster griseus
965,Hymenogaster luteus
966,Hymenogaster olivaceus
967,Hymenogaster populetorum
968,Hymenogaster thwaitesii
969,Hymenoscyphus calyculus
970,Hymenoscyphus conscriptum
971,Hymenoscyphus fructigenus
972,Hymenoscyphus immutabilis
973,Hymenoscyphus monticola
974,Hymenoscyphus serotinus
975,Hymenostilbe muscaria
976,Hypholoma capnoides
977,Hypholoma fasciculare
978,Hypholoma lateritium
979,Hypholoma marginatum
980,Hypholoma radicosum
981,Hypholoma sublateritium
982,Hypomyces lateritius
983,Hypoxylon cohaerens
984,Hypoxylon fragiforme
985,Hypoxylon fuscum
986,Hypoxylon multiforme
987,Hypoxylon rutilum
988,Hypsizygus marmoreus
989,Hypsizygus tessellatus
990,Hypsizygus tessulatus
991,Hypsizygus ulmarius
992,Hysterangium clathroides
993,Hysterangium inflatum
994,Imleria badia
995,Imperator luteocupreus
996,Imperator rhodopurpureus
997,Imperator torosus
998,Infundibulicybe geotropa
999,Infundibulicybe gibba
1000,Inocybe asterospora
1001,Inocybe aurantiobrunnea
1002,Inocybe calamistrata
1003,Inocybe cookei
1004,Inocybe erubescens
1005,Inocybe fibrosa
1006,Inocybe flocculosa
1007,Inocybe fraudans
1008,Inocybe friesii
1009,Inocybe fuscidula
1010,Inocybe geophylla
1011,Inocybe godeyi
1012,Inocybe hystrix
1013,Inocybe impexa
1014,Inocybe jurana
1015,Inocybe lacera
1016,Inocybe maculata
1017,Inocybe patouillardii  
1018,Inocybe pelargonium
1019,Inocybe posterula
1020,Inocybe praetervisa
1021,Inocybe pudica
1022,Inocybe queletii
1023,Inocybe rimosa
1024,Inocybe sambucina
1025,Inocybe sindonia
1026,Inocybe sp
1027,Inocybe squamata
1028,Inocybe umbrina
1029,Inocybe vulpinella
1030,Inonotus dryadeus
1031,Inonotus hispidus
1032,Inonotus rheades
1033,Inonotus tamaricis
1034,Iodophanus testaceus
1035,Ischnoderma benzoinum
1036,Kalaharituber pfeilii
1037,Kallistoskypha incarnata
1038,Kretzschmaria deusta
1039,Kuehneromyce mutabilis
1040,Kuehneromyces  mutabilis
1041,Labyrinthomyces donkii
1042,Laccaria affinis
1043,Laccaria altaica
1044,Laccaria amethystina
1045,Laccaria bicolor
1046,Laccaria farinacea
1047,Laccaria fraterna
1048,Laccaria laccata
1049,Laccaria montana
1050,Laccaria proxima
1051,Laccaria tortilis
1052,Lachnellula subtilissima
1053,Lachnum cerinum
1054,Lachnum mollissimus
1055,Lachnum niveus
1056,Lachnum sulphureum
1057,Lachnum virgineum
1058,Lacrymaria lacrymabunda
1059,Lactarius
1060,Lactarius acerrimus
1061,Lactarius acris
1062,Lactarius aquizonatus
1063,Lactarius atlanticus
1064,Lactarius aurantiacus
1065,Lactarius azonites
1066,Lactarius badiosanguineus
1067,Lactarius blennius
1068,Lactarius blumii
1069,Lactarius britannicus
1070,Lactarius camphoratus
1071,Lactarius chrysorrheus
1072,Lactarius circellatus
1073,Lactarius cistophilus
1074,Lactarius citriolens
1075,Lactarius controversus
1076,Lactarius curtus
1077,Lactarius decipiens
1078,Lactarius deliciosus
1079,Lactarius deterrimus
1080,Lactarius evosmus
1081,Lactarius fluens
1082,Lactarius fuliginosus
1083,Lactarius fulvissimus
1084,Lactarius fumosus
1085,Lactarius glyciosmus
1086,Lactarius helvus
1087,Lactarius hemicyaneus
1088,Lactarius hepaticus
1089,Lactarius indigo
1090,Lactarius intermedius
1091,Lactarius lacunarum
1092,Lactarius lilacinus
1093,Lactarius luridus
1094,Lactarius mitissimus
1095,Lactarius musteus
1096,Lactarius necator
1097,Lactarius pallidus
1098,Lactarius pergamenus
1099,Lactarius piperatus
1100,Lactarius pterosporus
1101,Lactarius pubescens
1102,Lactarius pyrogalus
1103,Lactarius quieticolor
1104,Lactarius quietus
1105,Lactarius repraesentaneus
1106,Lactarius resimus
1107,Lactarius rufus
1108,Lactarius rugatus
1109,Lactarius salmonicolor
1110,Lactarius sanguifluus
1111,Lactarius scrobiculatus
1112,Lactarius semisanguifluus
1113,Lactarius serifluus
1114,Lactarius sphagneti
1115,Lactarius spinosulus
1116,Lactarius subdulcis
1117,Lactarius subsericatus
1118,Lactarius subumbonatus
1119,Lactarius tabidus
1120,Lactarius tesquorum
1121,Lactarius torminosus
1122,Lactarius trivialis
1123,Lactarius turpis
1124,Lactarius uvidus
1125,Lactarius vellereus
1126,Lactarius vinosus
1127,Lactarius violascens
1128,Lactarius volemus
1129,Lactarius zonarius
1130,Lactarius zugazae
1131,Laetiporus sulphureus
1132,Langermannia gigantea
1133,Lanmaoa fragrans
1134,Laurobasidium lauri
1135,Leccinellum crocipodium
1136,Leccinellum lepidum
1137,Leccinum aurantiacum
1138,Leccinum carpini
1139,Leccinum corsicum
1140,Leccinum crocipodium
1141,Leccinum diurusculum
1142,Leccinum holopus
1143,Leccinum lepidum
1144,Leccinum molle
1145,Leccinum quercinum
1146,Leccinum roseofractum
1147,Leccinum rotundifoliae
1148,Leccinum scabrum
1149,Leccinum variicolor
1150,Leccinum versipelle
1151,Leccinum versipellis
1152,Leccinum vulpinum
1153,Lentinellus cochleatus
1154,Lentinellus micheneri
1155,Lentinellus ursinus
1156,Lentinellus vulpinus
1157,Lentinula edodes
1158,Lentinus edodes
1159,Lentinus lepideus
1160,Lentinus strigosus
1161,Lentinus tigrinus
1162,Lentinus torulosus
1163,Lenzites betulina
1164,Lenzites warneri
1165,Leocarpus fragilis
1166,Leotia atrovirens
1167,Leotia lubrica
1168,Lepiota alba
1169,Lepiota aspera
1170,Lepiota brunneoincarnata
1171,Lepiota castanea
1172,Lepiota clypeolearia
1173,Lepiota cristata
1174,Lepiota echinacea
1175,Lepiota erminea
1176,Lepiota forguignonii
1177,Lepiota fulvella
1178,Lepiota helveola
1179,Lepiota ignicolor
1180,Lepiota ignivolvata
1181,Lepiota josserandii
1182,Lepiota kuehneriana
1183,Lepiota lilacea
1184,Lepiota ochraceodisca
1185,Lepiota oreadiformis
1186,Lepiota pseudohelveola
1187,Lepiota setulosa
1188,Lepiota sp
1189,Lepiota ventriosospora
1190,Lepiota xanthophylla
1191,Lepista flaccida
1192,Lepista glaucocana
1193,Lepista inversa
1194,Lepista irina
1195,Lepista luscina
1196,Lepista nebularis
1197,Lepista nuda
1198,Lepista panaeolus
1199,Lepista personata
1200,Lepista rickenii
1201,Lepista saeva
1202,Lepista sordida
1203,Leptoporus mollis
1204,Leucoagaricus badhamii
1205,Leucoagaricus barssii
1206,Leucoagaricus bresadolae
1207,Leucoagaricus leucothites
1208,Leucoagaricus marriagei
1209,Leucoagaricus melanotrichus
1210,Leucoagaricus sereno
1211,Leucocoprinus badhamii
1212,Leucocoprinus castroi
1213,Leucocoprinus cepaestipes
1214,Leucocortinarius bulbiger
1215,Leucocybe connata
1216,Leucogyrophana mollusca
1217,Leucogyrophana pinastri
1218,Leucogyrophana romellii
1219,Leucopaxillus albissimus
1220,Leucopaxillus amarus
1221,Leucopaxillus candidus
1222,Leucopaxillus compactus
1223,Leucopaxillus gentianeus
1224,Leucopaxillus giganteus
1225,Leucopaxillus lepistoides
1226,Leucopaxillus paradoxus
1227,Leucoscypha patavina
1228,Lichenomphalia velutina
1229,Limacella guttata
1230,Limacella illinita
1231,Loculotuber gennadii
1232,Lopharia spadicea
1233,Loweomyces fractipes
1234,Lycogala epidendrum
1235,Lycoperdon echinatum
1236,Lycoperdon ericaceum
1237,Lycoperdon foetidum
1238,Lycoperdon lambinonii
1239,Lycoperdon mammiforme
1240,Lycoperdon molle
1241,Lycoperdon nigrescens
1242,Lycoperdon perlatum
1243,Lycoperdon pyriforme
1244,Lycoperdon umbrinum
1245,Lycoperdon utriforme
1246,Lycoperdon utriformis
1247,Lyophyllum connatum
1248,Lyophyllum decastes
1249,Lyophyllum fumosum
1250,Lyophyllum infumatum
1251,Lyophyllum loricatum
1252,Lyophyllum transforme
1253,Lysurus cruciatus
1254,Lysurus periphragmoides
1255,Macowanites ammophilus
1256,Macrocystidia cucumis
1257,Macrolepiota affinis
1258,Macrolepiota excoriata
1259,Macrolepiota konradii 
1260,Macrolepiota mastoidea
1261,Macrolepiota olivascens
1262,Macrolepiota phaeodisca
1263,Macrolepiota procera
1264,Macrolepiota rachodes
1265,Macrolepiota rhacodes
1266,Macrolepiota rickenii
1267,Macrolepiota venenata
1268,Macrotyphula fistulosa
1269,Macrotyphula juncea
1270,Marasmiellus candidus
1271,Marasmiellus maas-geesterani
1272,Marasmiellus ramealis
1273,Marasmiellus vaillantii
1274,Marasmius alliaceus
1275,Marasmius androsaceus
1276,Marasmius anomalus
1277,Marasmius cohaerens
1278,Marasmius collinus
1279,Marasmius epiphyllus
1280,Marasmius graminum
1281,Marasmius hudsonii
1282,Marasmius oreades
1283,Marasmius rotula
1284,Marasmius scorodonius
1285,Marasmius wynnei
1286,Mariaella bovina
1287,Megacollybia platyphylla
1288,Melanogaster tuberiformis
1289,Melanogaster variegatus
1290,Melanoleuca brevipes
1291,Melanoleuca cognata
1292,Melanoleuca evenosa
1293,Melanoleuca excissa
1294,Melanoleuca graminicola
1295,Melanoleuca grammopodia
1296,Melanoleuca melaleuca
1297,Melanoleuca robertiana
1298,Melanoleuca strictipes
1299,Melanoleuca vulgaris
1300,Meripilus giganteus
1301,Merulius tremellosus
1302,Metatrichia vesparium
1303,Microglossum cyanobasis
1304,Microglossum nudipes
1305,Microglossum olivaceum
1306,Micromphale brassicolens
1307,Micromphale foetidum
1308,Micromphale perforans
1309,Mitrophora semilibera
1310,Mitrula paludosa
1311,Montagnea arenaria
1312,Morchella  conica
1313,Morchella conica
1314,Morchella costata
1315,Morchella deliciosa
1316,Morchella elata
1317,Morchella esculenta
1318,Morchella hortensis
1319,Morchella importuna
1320,Morchella rotunda
1321,Morchella semilibera
1322,Morchella sp
1323,Morchella vulgaris
1324,Mucilago crustacea
1325,Mutinus caninus
1326,Mycena abramsii
1327,Mycena acicula
1328,Mycena aetites
1329,Mycena arcangeliana
1330,Mycena capillaripes
1331,Mycena corynephora
1332,Mycena crocata
1333,Mycena diosma
1334,Mycena epipterygia
1335,Mycena galericulata
1336,Mycena galopus
1337,Mycena haematopus
1338,Mycena inclinata
1339,Mycena latifolia
1340,Mycena leptocephala
1341,Mycena maculata
1342,Mycena pearsoniana
1343,Mycena pelianthina
1344,Mycena polygramma
1345,Mycena pseudocorticola
1346,Mycena pura
1347,Mycena renati
1348,Mycena rosea
1349,Mycena seynii
1350,Mycena stipata
1351,Mycena tenerrima
1352,Mycena vitilis
1353,Mycena vulgaris
1354,Mycenastrum corium
1355,Myriostoma coliforme
1356,Myxarium nucleatum
1357,Myxomphalia maura
1358,Naucoria melinoides
1359,Naucoria scolecina
1360,Neoboletus erythropus
1361,Neoboletus junquilleus
1362,Neoboletus praestigiator
1363,Neobulgaria pura
1364,Odonticium monfraguense
1365,Omphalina obatra
1366,Omphalina obscurata
1367,Omphalina pyxidata
1368,Omphalina rosella
1369,Omphalina vesuviana
1370,Omphalotus illudens
1371,Omphalotus japonicus
1372,Omphalotus nidiformis
1373,Omphalotus olearius
1374,Omphalotus olivascens
1375,Onnia tomentosa
1376,Onygena corvina
1377,Onygena equina
1378,Orbilia delicatula
1379,Ossicaulis lignatilis
1380,Otidea cochleata
1381,Otidea concinna
1382,Otidea onotica
1383,Oudemansiella mucida
1384,Pachyella violaceonigra
1385,Panaeolina foenisecii
1386,Panaeolus acuminatus
1387,Panaeolus ater
1388,Panaeolus cinctulus
1389,Panaeolus fimicola
1390,Panaeolus papilionaceus
1391,Panaeolus retirugis
1392,Panaeolus rickenii
1393,Panaeolus semiovatus
1394,Panaeolus sp
1395,Panaeolus sphinctrinus
1396,Panellus mitis
1397,Panellus serotinus
1398,Panellus stypticus
1399,Paralepista flaccida
1400,Paralepista gilva
1401,Paralepista inversa
1402,Paralepistopsis acromelalga
1403,Paralepistopsis amoenolens
1404,Parasola conopilus
1405,Paxillus atrotomentosus
1406,Paxillus filamentosus
1407,Paxillus involutus
1408,Paxillus panuoides
1409,Paxillus rubicundulus
1410,Paxina queletii
1411,Peckiella lateritia
1412,Peniophora quercina
1413,Perenniporia fraxinea
1414,Peroneutypa scoparia
1415,Peziza ammophila
1416,Peziza arvernensis
1417,Peziza badia
1418,Peziza badioconfusa
1419,Peziza cerea
1420,Peziza praetervisa
1421,Peziza succosella
1422,Peziza varia
1423,Peziza vesiculosa
1424,Phaeolepiota aurea
1425,Phaeolus schweinitzii
1426,Phaeomarasmius erinaceus
1427,Phallus hadriani
1428,Phallus impudicus
1429,Phallus rubicundus
1430,Phellinus pini
1431,Phellinus pomaceus
1432,Phellinus ribis
1433,Phellinus robustus
1434,Phellinus torulosus
1435,Phellinus trivialis
1436,Phellinus tuberculosus
1437,Phellodon confluens
1438,Phellodon niger
1439,Phellodon tomentosus
1440,Phlebia radiata
1441,Phlebia rufa
1442,Phlebia tremellosa
1443,Pholiota adiposa
1444,Pholiota alnicola
1445,Pholiota aurivella
1446,Pholiota flammans
1447,Pholiota flavida
1448,Pholiota gummosa
1449,Pholiota highlandensis
1450,Pholiota jahnii
1451,Pholiota lenta
1452,Pholiota lubrica
1453,Pholiota lucifera
1454,Pholiota mixta
1455,Pholiota nameko
1456,Pholiota pinicola
1457,Pholiota populnea
1458,Pholiota squarrosa
1459,Pholiota tuberculosa
1460,Pholiotina aporos
1461,Pholiotina rugosa
1462,Pholiotina sp
1463,Phylloporus rhodoxanthus
1464,Phyllotopsis nidulans
1465,Physarum leucophaeum
1466,Picoa lefebvrei
1467,Pilobolus kleinii
1468,Piptoporus betulinus
1469,Pisolithus arhizus
1470,Pithya  cupressina
1471,Plectania melastoma
1472,Pleurocybella porrigens
1473,Pleurotus
1474,Pleurotus citrinopileatus
1475,Pleurotus cornucopiae
1476,Pleurotus cystidiosus
1477,Pleurotus djamor
1478,Pleurotus dryinus
1479,Pleurotus eryngii
1480,Pleurotus fabellatus
1481,Pleurotus nebrodensis
1482,Pleurotus ostreatus
1483,Pleurotus pulmonarius
1484,Pleurotus sajor-caju
1485,Pleurotus tuber-regium
1486,Plicaturopsis crispa
1487,Pluteus aurantiorugosus
1488,Pluteus brunneoradiatus
1489,Pluteus cervinus
1490,Pluteus leoninus
1491,Pluteus nanus
1492,Pluteus nigroviridis
1493,Pluteus pallescens
1494,Pluteus pellitus
1495,Pluteus petasatus
1496,Pluteus phlebophorus
1497,Pluteus pouzarianus
1498,Pluteus romellii
1499,Pluteus salicinus
1500,Polyozellus multiplex
1501,Polyporus arcularius
1502,Polyporus badius
1503,Polyporus brumalis
1504,Polyporus lepideus
1505,Polyporus meridionalis
1506,Polyporus mylittae
1507,Polyporus squamosus
1508,Polyporus tuberaster
1509,Polyporus tunetanus
1510,Polyporus umbellatus
1511,Polyporus varius
1512,Poronia punctata
1513,Porphyrellus porphyrosporus
1514,Porpolomopsis calyptriformis
1515,Postia stiptica
1516,Protostropharia semiglobata
1517,Psathyrella bipellis
1518,Psathyrella candolleana
1519,Psathyrella conopilus
1520,Psathyrella corrugis
1521,Psathyrella fatua
1522,Psathyrella gracilis
1523,Psathyrella hydrophila
1524,Psathyrella lacrymabunda
1525,Psathyrella marcescibilis
1526,Psathyrella multipedata
1527,Psathyrella niveobadia
1528,Psathyrella ochracea
1529,Psathyrella pennata
1530,Psathyrella phegophila
1531,Psathyrella spadiceogrisea
1532,Psathyrella squamosa
1533,Psathyrella subnuda
1534,Pseudoboletus parasiticus
1535,Pseudoclitocybe cyathiformis
1536,Pseudoclitopilus rhodoleucus
1537,Pseudocraterellus undulatus
1538,Pseudohydnum gelatinosum
1539,Pseudombrophila guldeniae
1540,Psilocybe antillarum
1541,Psilocybe coprophila
1542,Psilocybe hepatochrous
1543,Psilocybe liniformans
1544,Psilocybe merdaria
1545,Psilocybe montana
1546,Psilocybe rhombispora
1547,Psilocybe semilanceata
1548,Psilocybe sp
1549,Pulcherricium caeruleum
1550,Pulveroboletus hemichrysus
1551,Pulveroboletus lignicola
1552,Pycnoporus cinnabarinus
1553,Pyrenopeziza benesuada
1554,Ramaria abietina
1555,Ramaria aurea
1556,Ramaria botrytis
1557,Ramaria cedretorum
1558,Ramaria fennica
1559,Ramaria flava
1560,Ramaria flavescens
1561,Ramaria formosa
1562,Ramaria fumigata
1563,Ramaria gracilis
1564,Ramaria largentii
1565,Ramaria neoformosa
1566,Ramaria pallida
1567,Ramaria sanguinea
1568,Ramaria stricta
1569,Ramaria subbotrytis
1570,Ramariaceae
1571,Resupinatus applicatus
1572,Reticularia lycoperdon
1573,Rheubarbariboletus armeniacus
1574,Rhizina undulata
1575,Rhizopogdon luteolas
1576,Rhizopogon luteolus
1577,Rhizopogon roseolus
1578,Rhizopogon vulgaris
1579,Rhodocollybia butyracea
1580,Rhodocollybia butyraceae.
1581,Rhodocollybia maculata
1582,Rhodocybe  gemina
1583,Rhodocybe gemina
1584,Rhodocybe hirneola
1585,Rhodocybe nitellina
1586,Rhodotus palmatus
1587,Rickenella  fibula
1588,Rickenella fibula
1589,Rickenella swartzii
1590,Rimbachia neckerae
1591,Ripartites metrodii
1592,Rosellinia aquila
1593,Rozites caperatus
1594,Rubroboletus legaliae
1595,Rubroboletus lupinus
1596,Rubroboletus pulcherrimus
1597,Rubroboletus satanas
1598,Ruhlandiella berolinensis
1599,Russula
1600,Russula acrifolia
1601,Russula adusta
1602,Russula aeruginea
1603,Russula albonigra
1604,Russula amarissima
1605,Russula amoena
1606,Russula amoenicolor
1607,Russula amoenolens
1608,Russula anthracina
1609,Russula aquosa
1610,Russula atropurpurea
1611,Russula aurea
1612,Russula aurora
1613,Russula azurea
1614,Russula badia
1615,Russula brunneoviolacea
1616,Russula caerulea
1617,Russula cessans
1618,Russula chloroides
1619,Russula claroflava
1620,Russula cutrefacta
1621,Russula cyanoxantha
1622,Russula decipiens
1623,Russula decolorans
1624,Russula delica
1625,Russula densifolia
1626,Russula emetica
1627,Russula faginea
1628,Russula fellea
1629,Russula foetens
1630,Russula fragilis
1631,Russula grisea
1632,Russula heterophylla
1633,Russula ilicis
1634,Russula illota
1635,Russula integra
1636,Russula ionochlora
1637,Russula juniperina
1638,Russula krombholzii
1639,Russula laeta
1640,Russula langei
1641,Russula laurocerasi
1642,Russula lepida
1643,Russula lutea
1644,Russula melliolens
1645,Russula mesospora
1646,Russula minutula
1647,Russula mustelina
1648,Russula nauseosa
1649,Russula nigricans
1650,Russula nobilis
1651,Russula ochroleuca
1652,Russula olivacea
1653,Russula parazurea
1654,Russula parazurea 
1655,Russula pascua
1656,Russula pectinatoides
1657,Russula persicina
1658,Russula poikilochroa
1659,Russula pseudointegra
1660,Russula puellaris
1661,Russula puellula
1662,Russula quercilicis
1663,Russula risigallina
1664,Russula romellii
1665,Russula rosea
1666,Russula rubra
1667,Russula sanguinea
1668,Russula sardonia
1669,Russula solaris
1670,Russula sororia
1671,Russula subfoetens
1672,Russula subnigricans
1673,Russula torulosa
1674,Russula turci
1675,Russula urens
1676,Russula vesca
1677,Russula veternosa
1678,Russula vinosa
1679,Russula violeipes
1680,Russula virescens
1681,Russula viscida
1682,Russula xerampelina
1683,Sarcodon cyrneus
1684,Sarcodon glaucopus
1685,Sarcodon imbricatus
1686,Sarcodon squamosus
1687,Sarcodontia setosa
1688,Sarcomyxa serotina
1689,Sarcoscypha austriaca
1690,Sarcoscypha coccinea
1691,Sarcosphaera coronaria
1692,Sarcosphaera crassa
1693,Schenella pityophila
1694,Schizophyllum commune
1695,Scleroderma areolatum
1696,Scleroderma bovista
1697,Scleroderma cepa
1698,Scleroderma citrinum
1699,Scleroderma meridionale
1700,Scleroderma polyrhizum
1701,Scleroderma sp
1702,Scleroderma verrucosum
1703,Scutellinia scutellata
1704,Scutellinia trechisperma
1705,Scutellinia trechispora
1706,Scutiger pes-caprae
1707,Sebacina incrustans
1708,Serpula lacrymans
1709,Setulipes quercophilus
1710,Simocybe centunculus
1711,Simocybe rubi
1712,Sistotrema confluens
1713,Skeletocutis amorpha
1714,Sowerbyella imperialis
1715,Sowerbyella rhenana
1716,Sparassis crispa
1717,Sparassis laminosa
1718,Spathularia flavida
1719,Sphaerobolus stellatus
1720,Sphaerosporella brunnea
1721,Spinellus fusiger
1722,Stemonitis  fusca
1723,Stemonitis fusca
1724,Stereum gausapatum
1725,Stereum hirsutum
1726,Stereum illudens
1727,Stereum insignitum
1728,Stereum ochraceo-flavum
1729,Stereum sanguinolentun
1730,Stereum subtomentosum
1731,Strobilomyces strobilaceus
1732,Strobilurus esculentus
1733,Strobilurus esculentus var. griseus
1734,Strobilurus stephanocystis
1735,Strobilurus tenacellus
1736,Stropharia aeruginosa
1737,Stropharia aurantiaca
1738,Stropharia caerulea
1739,Stropharia coronilla
1740,Stropharia cyanea
1741,Stropharia dorsipora
1742,Stropharia hornemannii
1743,Stropharia inuncta
1744,Stropharia rugosoannulata
1745,Stropharia semiglobata
1746,Stropharia squamosa
1747,Stropharia stercoraria
1748,Stropholoma aurantiacum
1749,Suillellus dupainii
1750,Suillellus luridus
1751,Suillellus queletii
1752,Suillellus rhodoxanthus
1753,Suillellus satanas
1754,Suillus bellinii
1755,Suillus bovinus
1756,Suillus collinitus
1757,Suillus flavidus
1758,Suillus granulatus
1759,Suillus grevillei
1760,Suillus grevilleii
1761,Suillus luteus
1762,Suillus mediterraneensis
1763,Suillus tomentosus
1764,Suillus variegatus
1765,Suillus viscidus
1766,Tarzetta catinus
1767,Tarzetta cupularis
1768,Tectella patellaris
1769,Tephrocybe antracophila
1770,Tephrocybe atrata
1771,Tephrocybe palustris
1772,Tephrocybe rancida
1773,Terfezia arenaria
1774,Terfezia claveryi
1775,Terfezia leptoderma
1776,Terfezia magnusii
1777,Terfezia olbiensis
1778,Thelephora palmata
1779,Thelephora terrestris
1780,Tirmania nivea
1781,Tolypocladium capitatum
1782,Tolypocladium ophioglossoides
1783,Tomentella ferruginella
1784,Torrendia pulchella
1785,Trametes gibbosa
1786,Trametes hirsuta
1787,Trametes trogii
1788,Trametes versicolor
1789,Tremella aurantia
1790,Tremella encephala
1791,Tremella foliacea
1792,Tremella fuciformis
1793,Tremella mesenterica
1794,Tremiscus helvelloides
1795,Trichaptum abietinum
1796,Trichaptum biforme
1797,Trichaptum hollii
1798,Trichia botrytis
1799,Trichia decipiens
1800,Trichoderma pulvinatum
1801,Trichoglossum hirsutum
1802,Tricholoma acerbum
1803,Tricholoma albidum
1804,Tricholoma albobrunneum
1805,Tricholoma album
1806,Tricholoma atrosquamosum
1807,Tricholoma auratum
1808,Tricholoma boudieri
1809,Tricholoma bufonium
1810,Tricholoma caligatum
1811,Tricholoma colossus
1812,Tricholoma columbetta
1813,Tricholoma equestre
1814,Tricholoma eucalypticum
1815,Tricholoma filamentosum
1816,Tricholoma flavovirens
1817,Tricholoma focale
1818,Tricholoma fulvum
1819,Tricholoma gausapatum
1820,Tricholoma imbricatum
1821,Tricholoma joachimii
1822,Tricholoma josserandii
1823,Tricholoma lascivum
1824,Tricholoma matsutake
1825,Tricholoma muscarium
1826,Tricholoma myomyces
1827,Tricholoma orirubens
1828,Tricholoma pardinum
1829,Tricholoma pessundatum
1830,Tricholoma populinum
1831,Tricholoma portentosum
1832,Tricholoma prasinochrysum
1833,Tricholoma psammopus
1834,Tricholoma ramentaceum
1835,Tricholoma saponaceum
1836,Tricholoma scalpturatum
1837,Tricholoma sciodes
1838,Tricholoma sejunctum
1839,Tricholoma squarrulosum
1840,Tricholoma sulphureum
1841,Tricholoma terreum
1842,Tricholoma ustale
1843,Tricholoma ustaloides
1844,Tricholoma vaccinum
1845,Tricholoma virgatum
1846,Tricholoma viridifucatum
1847,Tricholomella constricta
1848,Tricholomopsis rutilans
1849,Tricholosporum goniospermum
1850,Trogia venenata
1851,Tubaria cistophila
1852,Tubaria conspersa
1853,Tubaria dispersa
1854,Tubaria furfuracea
1855,Tubaria hiemalis
1856,Tubaria romagnesiana
1857,Tuber aestivum
1858,Tuber borchii
1859,Tuber brumale
1860,Tuber cistophilum
1861,Tuber dryophilum
1862,Tuber excavatum
1863,Tuber ferrugineum
1864,Tuber fulgens
1865,Tuber indicum
1866,Tuber macrosporum
1867,Tuber maculatum
1868,Tuber magnatum
1869,Tuber melanosporum
1870,Tuber mesentericum
1871,Tuber nitidum
1872,Tuber panniferum
1873,Tuber puberulum
1874,Tuber rufum
1875,Tubifera ferruginosa
1876,Tulostoma beccarianum
1877,Tulostoma brumale
1878,Tulostoma cyclophorum
1879,Tulostoma fimbriatum
1880,Turbinellus floccosus
1881,Turbinellus kauffmanii
1882,Tylopilus felleus
1883,Typhrasa gossypina
1884,Typhula contorta
1885,Typhula fistulosa
1886,Tyromyces albidus
1887,Tyromyces caesius
1888,Tyromyces fragilis
1889,Tyromyces stipticus
1890,Tyromyces subcaesius
1891,Urnula rhytidia
1892,Ustilago maydis
1893,Ustulina deusta
1894,Vascellum pratense
1895,Verpa bohemica
1896,Verpa digitaliformis
1897,Volvariella bombycina
1898,Volvariella gloiocephala
1899,Volvariella surrecta
1900,Volvariella volvacea
1901,Volvopluteus gloiocephalus
1902,Wakefieldia macrospora
1903,Xerocomellus chrysenteron
1904,Xerocomus armeniacus
1905,Xerocomus badius
1906,Xerocomus chrysenteron
1907,Xerocomus communis
1908,Xerocomus ferrugineus
1909,Xerocomus ichnusanus
1910,Xerocomus lanatus
1911,Xerocomus parasiticus
1912,Xerocomus porosporus
1913,Xerocomus pulverulentus
1914,Xerocomus ripariellus
1915,Xerocomus rubellus
1916,Xerocomus subtomentosus
1917,Xeromphalina cauticinalis
1918,Xerula longipes
1919,Xerula radicata
1920,Xylaria carpophila
1921,Xylaria filiformis
1922,Xylaria hypoxylon
1923,Xylaria longipes
1924,Xylaria polymorpha
1925,Youngiomyces multiplex
